,applicant_id,age,exam_score,ad_clicks,site_visits,time_on_site,enrolled
count,10000,10000,10000,10000,10000,10000,10000
mean,5000.5,25.5341,65.15144586471874,3.0051,4.9742,20.343642457189237,0.0551
std,2886.8956799071675,5.782817763696935,14.742331547814862,1.7402806807192823,2.224056879421093,20.47309020001498,0.22818675886144657
min,1,16,30,0,0,0.0007317169720824,0
25%,2500.75,20,54.84355932060177,2,3,5.836684468939081,0
50%,5000.5,26,65.07201276385614,3,5,14.150722731802494,0
75%,7500.25,31,75.21263062429654,4,6,28.203767093500268,0
max,10000,35,100,13,20,200,1
