,precision,recall,f1-score,support
Не зачислен,0.9626297577854671,0.9823446327683616,0.9723872771758126,1416
Зачислен,0.5454545454545454,0.35714285714285715,0.4316546762589928,84
accuracy,0.9473333333333334,0.9473333333333334,0.9473333333333334,0.9473333333333334
macro avg,0.7540421516200062,0.6697437449556094,0.7020209767174027,1500
weighted avg,0.9392679458949355,0.9473333333333334,0.9421062515244707,1500
